id,noPasaporte,nombre,apellido,email
1,615-02-4938,Dorothy,Stiggles,dstiggles0@mac.com
2,210-29-4171,Mycah,Rampton,mrampton1@ft.com
3,108-49-1861,Whitby,Gilluley,wgilluley2@samsung.com
4,708-75-3280,Codie,Ker,cker3@paypal.com
5,448-42-8367,Marcel,Rushmare,mrushmare4@craigslist.org
6,626-82-4677,Shurwood,Belverstone,sbelverstone5@wikipedia.org
7,200-74-3724,Duffy,Digby,ddigby6@unc.edu
8,725-39-6956,Estevan,Walentynowicz,ewalentynowicz7@army.mil
9,892-45-9480,Melesa,Deniske,mdeniske8@slate.com
10,614-08-8278,Robinett,Puddicombe,rpuddicombe9@sogou.com
11,637-58-6571,Berty,Agg,bagga@chronoengine.com
12,111-81-3743,Wilmar,Gariff,wgariffb@youtube.com
13,321-97-7595,Micaela,Dougan,mdouganc@ed.gov
14,481-10-6916,Cheston,Britt,cbrittd@list-manage.com
15,592-77-3220,Norbert,Carreyette,ncarreyettee@tinypic.com
16,881-51-5953,Doretta,Stathers,dstathersf@digg.com
17,397-39-5320,Vina,Brockett,vbrockettg@nymag.com
18,528-83-1034,Jeri,Mallam,jmallamh@ucoz.ru
19,285-04-2895,Giorgio,Frudd,gfruddi@sbwire.com
20,109-60-9850,Waite,Scally,wscallyj@intel.com
21,539-16-3685,Herta,Woodley,hwoodleyk@tinypic.com
22,245-47-2836,Sutherlan,Bastistini,sbastistinil@hp.com
23,766-78-6297,Lisbeth,Manjot,lmanjotm@ucla.edu
24,612-88-2772,Norean,Vassman,nvassmann@blinklist.com
25,627-68-3307,Cybill,Swiffan,cswiffano@instagram.com
26,358-47-1581,Ade,Pickering,apickeringp@usgs.gov
27,887-90-1469,Waverly,Chalker,wchalkerq@thetimes.co.uk
28,487-08-0589,Phillipp,Naptine,pnaptiner@ehow.com
29,407-69-1547,Minerva,Gowar,mgowars@macromedia.com
30,508-77-9318,Magda,Pharro,mpharrot@indiegogo.com
31,395-20-8427,Patsy,Hawkings,phawkingsu@oakley.com
32,360-08-2661,Joeann,Boldecke,jboldeckev@omniture.com
33,809-46-7536,Alistair,St Ange,astangew@fastcompany.com
34,694-04-8895,Thedric,Knill,tknillx@mlb.com
35,877-02-8096,Lorenza,Ivery,liveryy@bbc.co.uk
36,231-03-3282,Halsey,Sonschein,hsonscheinz@engadget.com
37,827-30-7232,Nicola,Jiri,njiri10@utexas.edu
38,410-36-9800,Marie-ann,Polet,mpolet11@slashdot.org
39,199-38-3308,Michael,McCaskill,mmccaskill12@cafepress.com
40,671-23-9850,Frederico,Rego,frego13@furl.net
41,863-73-2816,Durward,Lancetter,dlancetter14@nbcnews.com
42,407-25-1750,Lilia,Fritchly,lfritchly15@wired.com
43,294-96-9489,Chicky,Claxson,cclaxson16@spiegel.de
44,646-62-3847,Jamie,Sleaford,jsleaford17@mit.edu
45,423-34-3139,Hillard,Treadway,htreadway18@comcast.net
46,794-57-2897,Caresse,Nisot,cnisot19@cocolog-nifty.com
47,375-63-0614,Kacy,Frankcomb,kfrankcomb1a@google.cn
48,399-33-5939,Dotty,Ivashnyov,divashnyov1b@chicagotribune.com
49,136-88-4217,Elmer,Kegg,ekegg1c@last.fm
50,746-40-6331,Cayla,Stobbie,cstobbie1d@ox.ac.uk
51,623-58-1954,Israel,Millom,imillom1e@comsenz.com
52,896-40-6359,Mellicent,Gooly,mgooly1f@t-online.de
53,543-76-9366,Lester,Schleswig-Holstein,lschleswigholstein1g@cloudflare.com
54,229-84-2789,Kenneth,Sarfas,ksarfas1h@newyorker.com
55,723-10-0023,Cathlene,Malloch,cmalloch1i@youku.com
56,375-67-2330,Georgianne,O'Rodane,gorodane1j@wix.com
57,622-25-6921,Darnall,Snowling,dsnowling1k@epa.gov
58,559-17-8063,Mary,Byres,mbyres1l@buzzfeed.com
59,246-54-5702,Reuven,Izakovitz,rizakovitz1m@scientificamerican.com
60,224-38-0002,Sylas,Busek,sbusek1n@youtube.com
61,698-40-6830,Kittie,Hamner,khamner1o@ca.gov
62,476-98-0024,Neall,Kiely,nkiely1p@cmu.edu
63,353-76-6647,Erwin,Gabbotts,egabbotts1q@google.ca
64,114-69-0798,Beryle,Santos,bsantos1r@google.co.jp
65,479-63-7067,Tamar,Rajchert,trajchert1s@homestead.com
66,688-53-4573,Roy,Paoloni,rpaoloni1t@ning.com
67,522-28-4135,Emiline,De Vries,edevries1u@t.co
68,100-10-1704,Daryle,Rigts,drigts1v@geocities.jp
69,629-39-5484,Alyssa,Faithorn,afaithorn1w@furl.net
70,522-65-6609,Galven,Andreopolos,gandreopolos1x@noaa.gov
71,705-70-4698,Wendell,Boughton,wboughton1y@networkadvertising.org
72,401-86-1381,Darryl,Winsome,dwinsome1z@oaic.gov.au
73,777-56-1632,Morgen,Scheffler,mscheffler20@unicef.org
74,144-59-6747,Aleksandr,Garrish,agarrish21@msu.edu
75,611-20-5666,Janifer,Yeend,jyeend22@oaic.gov.au
76,763-60-1632,Teena,Dimberline,tdimberline23@cbc.ca
77,282-96-5321,Harlen,Bagnell,hbagnell24@washington.edu
78,264-21-0331,Noella,Lis,nlis25@intel.com
79,306-39-7489,Maurizio,Shewring,mshewring26@virginia.edu
80,417-70-1452,Stephen,Rampling,srampling27@yellowpages.com
81,454-50-2554,Wynnie,Schneidar,wschneidar28@mediafire.com
82,685-48-2833,Loren,Giurio,lgiurio29@sphinn.com
83,461-59-8644,Emmerich,Breckin,ebreckin2a@tumblr.com
84,255-08-7020,Bondie,Goter,bgoter2b@techcrunch.com
85,773-48-0663,Xerxes,Searjeant,xsearjeant2c@rakuten.co.jp
86,194-29-9288,Karyl,Poupard,kpoupard2d@deliciousdays.com
87,778-17-8297,Akim,Sleigh,asleigh2e@amazon.co.jp
88,232-45-1166,Madge,Lentsch,mlentsch2f@rambler.ru
89,614-42-0363,Elga,Chell,echell2g@jigsy.com
90,461-40-1941,Dorice,Faulconer,dfaulconer2h@technorati.com
91,377-12-1806,Gilberta,Graham,ggraham2i@thetimes.co.uk
92,206-07-4089,Dory,Kimpton,dkimpton2j@mashable.com
93,245-15-2345,Agosto,Tenny,atenny2k@boston.com
94,250-56-0032,Donelle,Tustin,dtustin2l@e-recht24.de
95,496-87-8104,Elberta,Lamy,elamy2m@ameblo.jp
96,549-67-4480,Baxter,Summerbell,bsummerbell2n@cdc.gov
97,887-09-3807,Kelby,Taveriner,ktaveriner2o@bigcartel.com
98,676-16-9567,Clerissa,Mushett,cmushett2p@google.com.hk
99,103-04-7104,Elise,Wharf,ewharf2q@un.org
100,726-89-2327,Spencer,Gabbitas,sgabbitas2r@mail.ru
101,658-74-0368,Fleur,Apthorpe,fapthorpe2s@yahoo.co.jp
102,761-82-2273,Murielle,Loffill,mloffill2t@shinystat.com
103,735-82-5518,Grier,Fassbender,gfassbender2u@globo.com
104,646-49-9410,Philippe,Bearn,pbearn2v@angelfire.com
105,751-02-4682,Renell,Varnes,rvarnes2w@dot.gov
106,775-39-8613,Parker,Dubique,pdubique2x@newyorker.com
107,884-08-0689,Kari,Robion,krobion2y@ocn.ne.jp
108,785-49-5641,Casandra,Ewert,cewert2z@wp.com
109,191-01-6290,Drugi,Pennycuick,dpennycuick30@tamu.edu
110,690-73-5994,Idalina,Ringe,iringe31@yolasite.com
111,567-81-1061,Janeta,Garbett,jgarbett32@typepad.com
112,429-33-7920,Kirsten,O'Bruen,kobruen33@mashable.com
113,475-66-7188,Paten,Macauley,pmacauley34@chicagotribune.com
114,741-77-5647,Stace,Crowch,scrowch35@typepad.com
115,679-53-8788,Suzanne,Lebarree,slebarree36@godaddy.com
116,416-08-2774,Trumaine,O'Halleghane,tohalleghane37@goo.ne.jp
117,693-74-0010,Sherline,Leates,sleates38@spiegel.de
118,829-17-4448,Hephzibah,Fromant,hfromant39@cbslocal.com
119,439-57-0683,Paule,Tarr,ptarr3a@over-blog.com
120,870-47-8164,Darline,Westpfel,dwestpfel3b@sohu.com
121,503-16-8106,Othilie,Huerta,ohuerta3c@smh.com.au
122,309-27-0138,Lane,Kobierra,lkobierra3d@ebay.co.uk
123,213-03-1809,Gannie,Chesnay,gchesnay3e@artisteer.com
124,790-16-8024,Garland,Rosenkrantz,grosenkrantz3f@amazonaws.com
125,593-97-5269,Artair,Hunstone,ahunstone3g@fotki.com
126,553-70-1189,Danni,Curley,dcurley3h@a8.net
127,619-27-8120,Teddi,Fadden,tfadden3i@pagesperso-orange.fr
128,642-12-7894,Silvanus,Chaikovski,schaikovski3j@bandcamp.com
129,471-51-9786,Lurline,Kinvig,lkinvig3k@addthis.com
130,737-95-9676,Tybalt,Stead,tstead3l@squidoo.com
131,892-52-6717,Flory,Greeveson,fgreeveson3m@flickr.com
132,605-22-9477,Son,Barlthrop,sbarlthrop3n@xrea.com
133,382-44-4114,Shelton,Wedgbrow,swedgbrow3o@w3.org
134,640-39-8805,Dickie,Kares,dkares3p@hibu.com
135,502-34-0922,Aldrich,Bog,abog3q@soup.io
136,796-09-1485,Bill,Hurdedge,bhurdedge3r@state.gov
137,838-51-2513,Eliot,Baack,ebaack3s@163.com
138,264-74-7062,Tonie,Blagburn,tblagburn3t@trellian.com
139,405-20-6482,Elbert,Schimank,eschimank3u@ning.com
140,651-95-5119,Oliver,MacLaughlin,omaclaughlin3v@bloglovin.com
141,783-96-1653,Coraline,Beale,cbeale3w@smugmug.com
142,164-10-3186,D'arcy,Woodroff,dwoodroff3x@nih.gov
143,747-37-6724,Moll,Freed,mfreed3y@homestead.com
144,413-69-5776,Francisca,Letixier,fletixier3z@reverbnation.com
145,627-46-1804,Briny,Sellar,bsellar40@ca.gov
146,482-78-3002,Aubree,Roadknight,aroadknight41@hhs.gov
147,531-42-6613,Yale,Blaxall,yblaxall42@nhs.uk
148,819-02-3171,Peggi,Cashen,pcashen43@tamu.edu
149,162-52-8234,Jim,Arnout,jarnout44@buzzfeed.com
150,741-35-7161,Whitney,Piggford,wpiggford45@fastcompany.com
151,802-26-8359,Dorine,Lesslie,dlesslie46@mozilla.org
152,119-60-6184,Francesca,Muckersie,fmuckersie47@eventbrite.com
153,337-57-1010,Kaiser,Betz,kbetz48@example.com
154,638-79-1927,Conny,Lisciandro,clisciandro49@dyndns.org
155,326-55-5326,Bunny,Rydzynski,brydzynski4a@auda.org.au
156,479-64-6878,Analise,Tooting,atooting4b@newyorker.com
157,366-14-5442,Nona,Stacey,nstacey4c@dropbox.com
158,469-73-8971,Westley,O'Rodane,worodane4d@miitbeian.gov.cn
159,808-91-2352,Taylor,Roskam,troskam4e@census.gov
160,895-03-5023,Kirstyn,Regi,kregi4f@yahoo.com
161,636-46-0131,Boony,Horsell,bhorsell4g@businessweek.com
162,301-69-7321,Mellicent,D'Alwis,mdalwis4h@irs.gov
163,821-85-6434,Jourdan,Wickham,jwickham4i@t-online.de
164,524-06-2051,Engracia,Trinkwon,etrinkwon4j@theatlantic.com
165,702-72-2467,Marina,Carhart,mcarhart4k@bandcamp.com
166,704-03-5445,Griswold,Balcombe,gbalcombe4l@geocities.com
167,212-46-8133,Desdemona,Libby,dlibby4m@who.int
168,441-85-2363,Aleksandr,Habershon,ahabershon4n@mail.ru
169,482-35-6632,Ruprecht,Welham,rwelham4o@histats.com
170,234-89-8652,Garnette,Skittles,gskittles4p@cbc.ca
171,164-11-7993,Evy,Sowood,esowood4q@i2i.jp
172,228-89-6732,Federica,Hugnet,fhugnet4r@dedecms.com
173,777-51-9603,Desdemona,Neem,dneem4s@dailymail.co.uk
174,505-99-7924,Anastasie,Labin,alabin4t@princeton.edu
175,163-07-8773,Mollie,Creer,mcreer4u@sfgate.com
176,236-71-9027,Lotty,Bownd,lbownd4v@deviantart.com
177,797-46-2226,Clarinda,Cancellieri,ccancellieri4w@google.ca
178,202-56-1776,Linnea,Robjohns,lrobjohns4x@a8.net
179,724-43-3770,Glenn,Lockery,glockery4y@cloudflare.com
180,812-58-1855,Keen,Allender,kallender4z@google.co.uk
181,227-79-9520,Drake,Powland,dpowland50@sitemeter.com
182,182-98-4597,Livvyy,Hiddersley,lhiddersley51@gravatar.com
183,343-69-0576,Meris,Klewi,mklewi52@flavors.me
184,736-40-5204,Rinaldo,Nary,rnary53@slate.com
185,413-26-3948,Cordelia,Pugh,cpugh54@seattletimes.com
186,894-32-9707,Ellyn,Barhims,ebarhims55@reference.com
187,721-88-0267,Ryann,Oliphard,roliphard56@sourceforge.net
188,703-14-6252,Vinson,Raw,vraw57@skype.com
189,637-42-6266,Marchall,Thieme,mthieme58@livejournal.com
190,225-45-1507,Aindrea,Chesshyre,achesshyre59@hostgator.com
191,435-68-1495,Dianemarie,Dispencer,ddispencer5a@redcross.org
192,518-86-6099,Cathleen,Shelborne,cshelborne5b@dailymotion.com
193,890-09-3555,Bess,Dorr,bdorr5c@canalblog.com
194,334-83-2014,Isis,Murcutt,imurcutt5d@bloglovin.com
195,267-35-9300,Elnar,Han,ehan5e@technorati.com
196,797-39-7581,Westley,Sappell,wsappell5f@topsy.com
197,807-69-4513,Bron,Fritschel,bfritschel5g@toplist.cz
198,482-12-6429,Christalle,Anker,canker5h@google.ca
199,421-01-4100,Raynell,Lehrahan,rlehrahan5i@wordpress.com
200,762-03-2110,Jaine,Gotling,jgotling5j@de.vu
201,446-22-1821,Helli,Kempshall,hkempshall5k@live.com
202,145-71-0208,Kati,Lerwell,klerwell5l@cnn.com
203,673-09-3085,Noell,Sumner,nsumner5m@imdb.com
204,333-18-7197,Tim,William,twilliam5n@seattletimes.com
205,545-71-6991,Osbourn,Ancliffe,oancliffe5o@google.com.hk
206,665-17-5321,Pate,Kenion,pkenion5p@ibm.com
207,708-33-8490,Erda,Garvie,egarvie5q@abc.net.au
208,709-68-5110,Bard,Dawtre,bdawtre5r@princeton.edu
209,228-43-8279,Lorain,Vittet,lvittet5s@webmd.com
210,124-96-7532,Freeman,Anney,fanney5t@newsvine.com
211,773-58-3342,Christabella,Twentyman,ctwentyman5u@blogger.com
212,574-36-2780,Hamish,Popple,hpopple5v@squidoo.com
213,494-32-0775,Philippine,Logg,plogg5w@phoca.cz
214,514-02-6655,Kurtis,Byron,kbyron5x@unblog.fr
215,125-11-2793,Cobb,McRill,cmcrill5y@nytimes.com
216,374-28-0157,Lesya,Blow,lblow5z@pbs.org
217,304-53-5982,Ashely,Toulson,atoulson60@jiathis.com
218,782-35-0538,Tova,Upson,tupson61@ted.com
219,126-79-3690,Geoff,Hampshire,ghampshire62@last.fm
220,407-83-0538,Gustavo,Sterzaker,gsterzaker63@mysql.com
221,612-20-1872,Freeland,D'Antonio,fdantonio64@stumbleupon.com
222,445-15-0052,Loretta,Byram,lbyram65@stumbleupon.com
223,240-71-4159,Rebeca,Muggleston,rmuggleston66@netlog.com
224,202-89-9991,Toddie,Rapo,trapo67@so-net.ne.jp
225,457-45-7281,Tiertza,Knivett,tknivett68@addthis.com
226,782-11-3629,Leonard,Brozsset,lbrozsset69@oracle.com
227,539-26-7745,Tracey,de Verson,tdeverson6a@angelfire.com
228,385-89-3803,Brendan,Jehan,bjehan6b@google.co.uk
229,829-62-4049,Darda,Zavattari,dzavattari6c@paypal.com
230,483-17-7850,Marketa,Nowak,mnowak6d@topsy.com
231,393-07-8740,Wolfie,Fateley,wfateley6e@tamu.edu
232,628-01-1523,Percival,Bernot,pbernot6f@examiner.com
233,463-73-2338,Hamnet,Yitzovitz,hyitzovitz6g@geocities.com
234,194-36-1577,Luke,Makeswell,lmakeswell6h@pagesperso-orange.fr
235,850-91-6428,Bethany,Sexty,bsexty6i@comcast.net
236,378-98-0779,Ermina,Shivell,eshivell6j@biglobe.ne.jp
237,823-34-2095,Wiatt,Benes,wbenes6k@example.com
238,294-18-8150,Nani,Reader,nreader6l@ezinearticles.com
239,388-28-2125,Vladamir,Scholey,vscholey6m@paypal.com
240,862-57-9723,Christabella,De Ath,cdeath6n@nhs.uk
241,583-54-4519,Job,Quinnelly,jquinnelly6o@statcounter.com
242,828-45-9009,Tobit,Bossingham,tbossingham6p@businesswire.com
243,420-19-5453,Sheryl,Rudsdale,srudsdale6q@themeforest.net
244,234-89-6359,Nikolai,Gronauer,ngronauer6r@accuweather.com
245,535-20-3661,Bren,Clayworth,bclayworth6s@imgur.com
246,387-49-8904,Marthe,McIlwrath,mmcilwrath6t@infoseek.co.jp
247,300-67-6419,Franklyn,Simoens,fsimoens6u@free.fr
248,697-47-4436,Ricky,Casillis,rcasillis6v@bloomberg.com
249,633-24-8607,Joey,Flintoffe,jflintoffe6w@rakuten.co.jp
250,898-81-7626,Starr,Abazi,sabazi6x@theguardian.com
251,202-32-0488,Layton,Iaduccelli,liaduccelli6y@naver.com
252,341-24-5435,Molly,Gifford,mgifford6z@microsoft.com
253,465-39-1817,Gardie,Kildahl,gkildahl70@icio.us
254,673-83-1082,Talia,Thumnel,tthumnel71@netvibes.com
255,634-55-6394,Salli,Gebhardt,sgebhardt72@mlb.com
256,735-65-4378,Oralee,Convery,oconvery73@who.int
257,712-26-3018,Emeline,Pimlett,epimlett74@tripadvisor.com
258,723-55-0036,Dwayne,Beedle,dbeedle75@purevolume.com
259,694-79-3621,Marylynne,McCloughlin,mmccloughlin76@hostgator.com
260,881-83-1398,Jeana,Males,jmales77@theguardian.com
261,376-58-2013,Fairleigh,Packe,fpacke78@bbc.co.uk
262,886-01-4638,Lavina,Breakspear,lbreakspear79@cisco.com
263,493-32-1761,Arlana,Briscam,abriscam7a@earthlink.net
264,679-35-5038,Shawna,Ferier,sferier7b@weather.com
265,192-04-1659,Imogen,Oliveras,ioliveras7c@spiegel.de
266,108-81-0293,Brendon,MacDiarmond,bmacdiarmond7d@un.org
267,790-90-3927,Lonni,Creighton,lcreighton7e@globo.com
268,255-51-1336,Myrilla,Grishenkov,mgrishenkov7f@ehow.com
269,233-59-4187,Gaylene,Tallent,gtallent7g@japanpost.jp
270,713-40-8864,Kassandra,Lory,klory7h@gov.uk
271,758-54-8882,Sayre,Gulk,sgulk7i@istockphoto.com
272,864-41-2580,Janette,Daoust,jdaoust7j@google.ru
273,812-35-2173,Kaja,Sidden,ksidden7k@dropbox.com
274,665-03-7940,Marysa,Patty,mpatty7l@cbslocal.com
275,266-40-2293,Sid,Walding,swalding7m@deliciousdays.com
276,725-76-1883,Marne,Halversen,mhalversen7n@google.es
277,688-71-3367,Barby,Artingstall,bartingstall7o@sohu.com
278,673-59-5886,Almeda,Sodeau,asodeau7p@360.cn
279,867-37-1475,Clementia,Quibell,cquibell7q@dell.com
280,441-93-4344,Chloette,Godfrey,cgodfrey7r@chronoengine.com
281,445-02-4519,Brear,Grimsley,bgrimsley7s@gnu.org
282,314-68-8744,Edna,Dondon,edondon7t@cbsnews.com
283,244-50-4165,Homer,Delahunty,hdelahunty7u@yellowpages.com
284,264-42-6188,Elli,Grafton,egrafton7v@imdb.com
285,390-07-1477,Perceval,Lantaph,plantaph7w@delicious.com
286,220-51-1204,Margo,Busson,mbusson7x@privacy.gov.au
287,785-14-8172,Magdalen,Skule,mskule7y@smh.com.au
288,313-01-4265,Imelda,Nolleth,inolleth7z@ehow.com
289,306-76-3993,Taylor,Dansie,tdansie80@dedecms.com
290,836-66-6307,Gennie,Gingedale,ggingedale81@spotify.com
291,491-98-5318,Jeri,Twinborough,jtwinborough82@scribd.com
292,348-27-8152,Dean,Billington,dbillington83@wsj.com
293,818-62-3898,Roman,Clement,rclement84@alexa.com
294,456-01-3978,Marquita,Lear,mlear85@barnesandnoble.com
295,409-87-7663,Arne,Maynard,amaynard86@howstuffworks.com
296,600-55-9657,Ozzie,Jiri,ojiri87@dropbox.com
297,144-81-0201,Glenine,Junkison,gjunkison88@google.co.uk
298,395-37-7037,Tiertza,Wait,twait89@imageshack.us
299,757-10-2434,Eirena,Leitch,eleitch8a@qq.com
300,445-15-6948,Wynn,Piers,wpiers8b@imageshack.us
301,772-33-5276,Moritz,Conerding,mconerding8c@trellian.com
302,379-14-3410,Andrea,Brent,abrent8d@edublogs.org
303,413-81-6291,Fidela,Dumphrey,fdumphrey8e@buzzfeed.com
304,497-15-2827,Lucien,Pelerin,lpelerin8f@slashdot.org
305,595-50-6640,Celestyna,Lumsden,clumsden8g@nps.gov
306,778-29-7775,Kermy,Brand-Hardy,kbrandhardy8h@ebay.com
307,742-53-3267,Rosetta,Purdy,rpurdy8i@ucla.edu
308,249-93-2363,Gunar,Lambe,glambe8j@youtu.be
309,350-87-9857,Halsy,Wykes,hwykes8k@blogs.com
310,312-70-2073,Lucio,Swalwel,lswalwel8l@psu.edu
311,288-41-6763,Blane,Tythe,btythe8m@accuweather.com
312,531-72-5145,Ysabel,Derington,yderington8n@wix.com
313,736-73-0596,Ealasaid,Kirvin,ekirvin8o@sohu.com
314,620-08-2464,Liuka,Linck,llinck8p@networksolutions.com
315,839-83-8277,Daniela,Scutter,dscutter8q@icio.us
316,669-78-6268,Rolf,Bottoms,rbottoms8r@nationalgeographic.com
317,745-91-0197,Zollie,Cornelius,zcornelius8s@patch.com
318,296-91-9041,Yancey,Galler,ygaller8t@canalblog.com
319,348-65-7547,Anthiathia,Serris,aserris8u@example.com
320,183-55-2380,Giuseppe,Montes,gmontes8v@yolasite.com
321,244-19-5237,Yurik,Argente,yargente8w@cbsnews.com
322,227-06-3532,Torrence,Aphale,taphale8x@seattletimes.com
323,480-91-1436,Federica,Gooday,fgooday8y@constantcontact.com
324,235-44-0954,Eustacia,Gadsdon,egadsdon8z@live.com
325,276-40-8329,Sorcha,Jandac,sjandac90@desdev.cn
326,516-33-6174,Glenda,Vanin,gvanin91@washington.edu
327,754-84-1055,Marylin,Sinisbury,msinisbury92@dailymail.co.uk
328,844-09-1972,Willamina,Petrasek,wpetrasek93@businessweek.com
329,231-54-8382,Belia,Frany,bfrany94@quantcast.com
330,448-99-0831,Gery,Chilles,gchilles95@china.com.cn
331,347-90-1217,Idaline,Casazza,icasazza96@opera.com
332,402-04-6329,Isidora,Dictus,idictus97@ameblo.jp
333,405-19-0636,Sile,Pahler,spahler98@jalbum.net
334,467-94-2563,Geoff,Deards,gdeards99@yolasite.com
335,327-53-0217,Job,Padillo,jpadillo9a@google.com.br
336,267-04-9173,Malachi,Osant,mosant9b@ezinearticles.com
337,510-47-8568,Ricard,Thomtson,rthomtson9c@google.nl
338,649-96-3352,Bobbie,Barhems,bbarhems9d@tripadvisor.com
339,889-05-4827,Kristoforo,MacKilroe,kmackilroe9e@free.fr
340,722-08-0908,Reynolds,Gally,rgally9f@joomla.org
341,127-76-9388,Gonzales,Drakers,gdrakers9g@360.cn
342,120-96-4024,Lurette,Dawbury,ldawbury9h@free.fr
343,711-91-1912,Chauncey,Serridge,cserridge9i@europa.eu
344,800-16-8231,Hattie,Cornelius,hcornelius9j@lycos.com
345,413-79-5680,Ricky,Delle,rdelle9k@illinois.edu
346,543-87-2420,Louella,Knuckles,lknuckles9l@vkontakte.ru
347,225-82-6086,Paige,Brown,pbrown9m@infoseek.co.jp
348,746-86-1619,Mallory,Garthshore,mgarthshore9n@gizmodo.com
349,175-01-0969,Gare,Kilcoyne,gkilcoyne9o@alibaba.com
350,639-72-7459,Trev,Noulton,tnoulton9p@google.com.hk
351,847-11-8309,Tiphani,McKeaveney,tmckeaveney9q@comsenz.com
352,253-73-8906,Ilise,Eary,ieary9r@cisco.com
353,679-35-1740,Humfrey,Mulcahy,hmulcahy9s@discuz.net
354,565-38-9332,Page,Eltringham,peltringham9t@mail.ru
355,429-64-9933,Jasmina,Castri,jcastri9u@amazonaws.com
356,233-82-3403,Kahlil,Purdey,kpurdey9v@fc2.com
357,481-04-0105,Beilul,Mishow,bmishow9w@wikimedia.org
358,168-84-7169,Rowan,Kegley,rkegley9x@telegraph.co.uk
359,171-12-0165,Jeddy,Jalland,jjalland9y@businessinsider.com
360,703-85-9926,Gregoor,Mussard,gmussard9z@angelfire.com
361,844-53-7529,Giacopo,Marzella,gmarzellaa0@phoca.cz
362,833-27-0123,Meade,Stockwell,mstockwella1@telegraph.co.uk
363,296-38-7084,Holly-anne,McGlade,hmcgladea2@tmall.com
364,731-07-3637,Elana,Titchard,etitcharda3@networkadvertising.org
365,786-11-5318,Papageno,McGing,pmcginga4@state.tx.us
366,143-79-4204,Eugenius,Crichton,ecrichtona5@ask.com
367,484-33-3774,Dale,Jann,djanna6@xing.com
368,732-14-0051,Rahal,Boulsher,rboulshera7@xing.com
369,212-32-6096,Tudor,Rudham,trudhama8@google.co.jp
370,824-31-4125,Rebecca,Diggell,rdiggella9@creativecommons.org
371,797-15-2161,Perry,Eastmond,peastmondaa@printfriendly.com
372,705-80-2804,Adorne,Spry,aspryab@ehow.com
373,623-50-1765,Hettie,Haeslier,hhaeslierac@amazonaws.com
374,577-95-9713,Gilles,Dybell,gdybellad@webs.com
375,787-64-5148,Frazier,Langelaan,flangelaanae@berkeley.edu
376,148-63-0244,Emlynn,Van De Cappelle,evandecappelleaf@icq.com
377,729-70-6222,Brion,Basley,bbasleyag@netvibes.com
378,688-60-6277,Vonny,Sher,vsherah@webs.com
379,609-01-2413,Harv,Basilotta,hbasilottaai@odnoklassniki.ru
380,430-59-1562,Kirbie,Remirez,kremirezaj@liveinternet.ru
381,176-29-5321,Leanna,Frosdick,lfrosdickak@51.la
382,101-31-3701,Ranna,Rolfs,rrolfsal@thetimes.co.uk
383,442-24-6221,Terencio,Manifold,tmanifoldam@desdev.cn
384,660-58-9196,Juana,Crut,jcrutan@amazonaws.com
385,518-23-6764,Marthe,Hugill,mhugillao@cmu.edu
386,698-31-4047,Cecilla,Frangello,cfrangelloap@china.com.cn
387,686-42-1352,Melinda,Kingzett,mkingzettaq@lycos.com
388,534-59-3964,Harlan,Hadwen,hhadwenar@cafepress.com
389,112-40-5892,Wilone,Gundrey,wgundreyas@miibeian.gov.cn
390,208-29-5852,Lissa,Pighills,lpighillsat@mozilla.com
391,875-87-1026,Abra,Saffell,asaffellau@joomla.org
392,347-44-7394,Danita,Semble,dsembleav@dedecms.com
393,571-99-4622,Alie,Whicher,awhicheraw@bluehost.com
394,243-02-7323,Adelice,Rolls,arollsax@behance.net
395,616-58-5211,Giorgia,Liverock,gliverockay@toplist.cz
396,597-86-3806,Margret,McConnal,mmcconnalaz@ask.com
397,815-65-4627,Emmie,Tinner,etinnerb0@harvard.edu
398,152-99-5100,Ealasaid,Regler,ereglerb1@cbsnews.com
399,316-67-1005,Ezmeralda,Pilipets,epilipetsb2@drupal.org
400,493-51-3269,Nesta,Pantlin,npantlinb3@un.org
401,212-14-3491,Heath,Scrivinor,hscrivinorb4@wikimedia.org
402,876-72-6346,Leisha,O'Codihie,locodihieb5@rakuten.co.jp
403,207-69-8466,Alaine,Fairy,afairyb6@mail.ru
404,755-67-7398,Joli,Barok,jbarokb7@msu.edu
405,411-99-9446,Gaven,Hendrix,ghendrixb8@furl.net
406,322-77-4820,Sidney,Bockler,sbocklerb9@networksolutions.com
407,220-78-2844,Lemuel,Adiscot,ladiscotba@mapquest.com
408,532-71-4178,Grant,Whife,gwhifebb@java.com
409,425-74-6650,Dee,Canada,dcanadabc@hao123.com
410,691-46-2430,Robers,Jarrold,rjarroldbd@youtube.com
411,603-82-8315,Corny,Freddi,cfreddibe@altervista.org
412,528-95-3771,Valentin,Reeve,vreevebf@berkeley.edu
413,143-31-3311,Virgie,Fodden,vfoddenbg@sakura.ne.jp
414,388-14-9823,Jody,Cadany,jcadanybh@dagondesign.com
415,146-82-9634,Faina,McLafferty,fmclaffertybi@github.com
416,821-35-0852,Casey,Siverns,csivernsbj@va.gov
417,765-46-1327,Kirsteni,Lownsbrough,klownsbroughbk@tripadvisor.com
418,232-65-9721,Kendrick,Carrell,kcarrellbl@topsy.com
419,508-73-9216,Bamby,Halahan,bhalahanbm@drupal.org
420,475-52-4618,Callida,Fenning,cfenningbn@webnode.com
421,781-58-2739,Ali,Lockey,alockeybo@google.de
422,821-80-3080,Auria,Annable,aannablebp@jimdo.com
423,184-93-1961,Mayor,Dedmam,mdedmambq@abc.net.au
424,321-66-3246,Jeffrey,Barstow,jbarstowbr@domainmarket.com
425,571-44-0119,Manolo,Ridgeway,mridgewaybs@webeden.co.uk
426,854-37-7300,Sibylle,Apted,saptedbt@shareasale.com
427,527-58-0175,Eve,Rickcord,erickcordbu@dagondesign.com
428,308-21-0326,Kendre,Gabel,kgabelbv@mtv.com
429,506-45-7193,Dara,Espasa,despasabw@issuu.com
430,592-97-7639,Budd,Tuffey,btuffeybx@zimbio.com
431,305-38-7828,Granthem,Skentelbury,gskentelburyby@pbs.org
432,265-78-1589,Blanche,Alsford,balsfordbz@bravesites.com
433,312-61-9657,Philippa,Lockner,plocknerc0@pbs.org
434,613-07-7412,Blanch,Scrivenor,bscrivenorc1@engadget.com
435,524-99-1557,Cassie,Dransfield,cdransfieldc2@vk.com
436,812-79-0922,Gwenneth,Ludvigsen,gludvigsenc3@admin.ch
437,212-36-3693,Amery,Renzini,arenzinic4@opera.com
438,432-15-0775,Cam,Fairlaw,cfairlawc5@imgur.com
439,345-60-7476,Jenica,Nussgen,jnussgenc6@princeton.edu
440,822-86-9878,Lewie,Rozec,lrozecc7@example.com
441,152-77-9687,Esma,Monelle,emonellec8@globo.com
442,303-99-9961,Northrup,Wellman,nwellmanc9@engadget.com
443,702-46-3103,Sheffy,Skate,sskateca@cnn.com
444,639-01-7982,Tamiko,Stoneman,tstonemancb@goodreads.com
445,576-72-1238,Wilona,Druitt,wdruittcc@house.gov
446,839-44-0126,Mortie,Quilleash,mquilleashcd@mayoclinic.com
447,615-80-2931,Thorndike,Grzegorzewski,tgrzegorzewskice@taobao.com
448,522-71-6060,Onofredo,Lathbury,olathburycf@a8.net
449,504-95-0728,Ellsworth,Rought,eroughtcg@livejournal.com
450,394-73-1172,Lorelei,Laurie,llauriech@barnesandnoble.com
451,158-51-8654,Alene,Pallister,apallisterci@bloglines.com
452,611-67-1778,Mehetabel,Gorringe,mgorringecj@zdnet.com
453,523-37-2887,Teodorico,Bernadzki,tbernadzkick@instagram.com
454,621-79-8118,Hayes,Klas,hklascl@mapquest.com
455,687-99-8909,Hayward,Sabie,hsabiecm@geocities.jp
456,135-18-2072,Roldan,Emery,remerycn@digg.com
457,560-86-1246,Willy,Sundin,wsundinco@drupal.org
458,788-03-1226,Ezra,Joynt,ejoyntcp@moonfruit.com
459,873-09-2735,Reyna,Greaves,rgreavescq@cdbaby.com
460,285-60-1250,Samuele,Bettenay,sbettenaycr@upenn.edu
461,628-06-5575,Geneva,Lidgard,glidgardcs@dedecms.com
462,603-54-3104,Amii,Sire,asirect@irs.gov
463,473-60-1351,Vivianna,Skellon,vskelloncu@bravesites.com
464,648-18-4327,Jeanine,Guiton,jguitoncv@mapy.cz
465,179-12-7777,Yuri,Bedward,ybedwardcw@ameblo.jp
466,211-10-6961,Valma,Forsythe,vforsythecx@twitpic.com
467,472-17-8061,Florina,Bruhn,fbruhncy@wiley.com
468,661-14-0049,Stephani,Gemson,sgemsoncz@webeden.co.uk
469,785-93-9736,Fernando,Rawsen,frawsend0@360.cn
470,714-66-2400,Zane,Unwins,zunwinsd1@google.fr
471,507-65-1522,Domenico,Mozzetti,dmozzettid2@jalbum.net
472,451-15-8646,Terza,Timmins,ttimminsd3@npr.org
473,697-86-4729,Guinevere,Soldi,gsoldid4@apache.org
474,344-30-9403,Abigale,Medlar,amedlard5@hao123.com
475,340-95-8536,Mordy,Warbrick,mwarbrickd6@cnbc.com
476,850-58-2963,Marie,Sissot,msissotd7@utexas.edu
477,369-87-1148,Fan,Altofts,faltoftsd8@mail.ru
478,645-79-9296,Mireille,Haymes,mhaymesd9@netscape.com
479,874-02-1684,Betti,Bampton,bbamptonda@mozilla.com
480,757-96-3354,Adelbert,Wyard,awyarddb@ftc.gov
481,108-63-5349,Loralee,Upston,lupstondc@github.com
482,417-13-0324,Isahella,Jeandot,ijeandotdd@yellowbook.com
483,241-14-0948,Sabra,Bishopp,sbishoppde@usatoday.com
484,161-78-1834,Tarah,Kohlerman,tkohlermandf@geocities.com
485,675-68-5996,Eldridge,Bentote,ebentotedg@mapquest.com
486,534-44-8034,Hedwiga,Buttfield,hbuttfielddh@ovh.net
487,455-51-6317,Kristina,Bilovsky,kbilovskydi@dailymail.co.uk
488,826-25-2796,Felicio,MacKibbon,fmackibbondj@hugedomains.com
489,569-52-1588,Rees,Callen,rcallendk@opensource.org
490,324-91-0355,Gard,Flicker,gflickerdl@aboutads.info
491,188-38-6771,Harald,Burberry,hburberrydm@admin.ch
492,243-61-9757,Raina,Cullinane,rcullinanedn@a8.net
493,421-07-0410,Shayna,Bartosek,sbartosekdo@upenn.edu
494,378-35-2124,Baxie,Drugan,bdrugandp@list-manage.com
495,188-12-3885,Cleve,Gibben,cgibbendq@gnu.org
496,232-81-5639,Heather,Bassford,hbassforddr@desdev.cn
497,234-88-0700,Helen-elizabeth,Oakeshott,hoakeshottds@hp.com
498,134-24-9156,Olia,Mowlam,omowlamdt@woothemes.com
499,229-82-5504,Michaelina,Sawkin,msawkindu@va.gov
500,879-34-2144,Steven,McNeigh,smcneighdv@nifty.com
501,884-92-2190,Carlin,MacLeese,cmacleesedw@acquirethisname.com
502,566-25-4779,Halsy,Renihan,hrenihandx@mediafire.com
503,237-85-8982,Chickie,Sharphurst,csharphurstdy@yellowbook.com
504,564-75-5278,Julee,Goodfellow,jgoodfellowdz@netscape.com
505,295-17-7668,Liam,Vasey,lvaseye0@miibeian.gov.cn
506,127-67-4784,Lukas,Boullen,lboullene1@salon.com
507,413-44-0029,Lilla,Langstone,llangstonee2@chronoengine.com
508,208-65-3528,Caryl,Batkin,cbatkine3@goo.gl
509,305-80-8675,Bernie,Alecock,balecocke4@yolasite.com
510,575-28-2729,Cassy,Keoghan,ckeoghane5@cdc.gov
511,517-95-0947,Nolly,Edden,neddene6@independent.co.uk
512,486-52-5677,Gray,Pavie,gpaviee7@rambler.ru
513,373-32-0012,Luce,Clemes,lclemese8@sitemeter.com
514,536-28-4229,Enrika,Stanbro,estanbroe9@miitbeian.gov.cn
515,568-39-4719,Rhona,Fulger,rfulgerea@hao123.com
516,681-80-3336,Rianon,Yong,ryongeb@mapquest.com
517,485-43-2834,Mychal,Harland,mharlandec@earthlink.net
518,550-34-1990,Myrta,Bails,mbailsed@cornell.edu
519,242-61-5835,Leyla,Harteley,lharteleyee@acquirethisname.com
520,529-62-3224,Maudie,Rotlauf,mrotlaufef@blogtalkradio.com
521,415-33-3227,Dyane,Yaknov,dyaknoveg@elegantthemes.com
522,203-88-0683,Audrye,Adamovsky,aadamovskyeh@fotki.com
523,556-87-9794,Normand,Speariett,nspeariettei@china.com.cn
524,514-24-7076,Tarrance,Pedlow,tpedlowej@washingtonpost.com
525,159-47-1422,Constantine,Giorgi,cgiorgiek@twitter.com
526,859-65-2777,Rube,Van der Brugge,rvanderbruggeel@bizjournals.com
527,640-90-7381,Teodorico,MacClenan,tmacclenanem@mac.com
528,584-93-2368,Hermann,Le febre,hlefebreen@cloudflare.com
529,629-26-1703,Mureil,Jarman,mjarmaneo@slideshare.net
530,522-19-7730,Gusta,Hambatch,ghambatchep@rakuten.co.jp
531,464-70-5366,Lacey,Warratt,lwarratteq@bigcartel.com
532,801-40-2812,Mira,Stanlack,mstanlacker@stanford.edu
533,503-21-8641,Arie,MacDaid,amacdaides@sourceforge.net
534,299-65-4180,Ronda,Roswarn,rroswarnet@nba.com
535,270-94-0406,Gracia,Giocannoni,ggiocannonieu@mozilla.org
536,133-36-8153,Whitney,Lapsley,wlapsleyev@buzzfeed.com
537,616-28-7686,Quincy,Ivanisov,qivanisovew@a8.net
538,683-59-0412,Cary,Rudloff,crudloffex@nydailynews.com
539,363-46-7251,Hilton,Fessier,hfessierey@cdbaby.com
540,777-11-1411,Cullen,Placido,cplacidoez@zimbio.com
541,153-07-6243,Farica,Gleasane,fgleasanef0@nydailynews.com
542,131-93-2520,Archy,Senton,asentonf1@msn.com
543,342-69-8910,Maybelle,Clift,mcliftf2@youtu.be
544,841-47-4594,Page,Ivancevic,pivancevicf3@oakley.com
545,880-06-2754,Aurlie,Allon,aallonf4@arizona.edu
546,355-20-6030,Marris,Kincaid,mkincaidf5@chronoengine.com
547,202-85-4333,Roman,McFarlan,rmcfarlanf6@eventbrite.com
548,521-92-3034,Sigismond,Crut,scrutf7@jigsy.com
549,827-85-1694,Chip,Connett,cconnettf8@ftc.gov
550,891-38-4578,Cash,Slym,cslymf9@twitter.com
551,586-82-2096,Jessie,Denekamp,jdenekampfa@mashable.com
552,415-95-5456,Laureen,Kowalski,lkowalskifb@google.ru
553,734-36-0977,Alyss,Jeanneau,ajeanneaufc@businessweek.com
554,825-75-3998,Dael,Tommaseo,dtommaseofd@google.fr
555,391-99-9761,Kevyn,Bawles,kbawlesfe@tmall.com
556,285-44-7981,Xerxes,Somerset,xsomersetff@indiatimes.com
557,512-87-5715,Chryste,Vassel,cvasselfg@salon.com
558,129-87-0511,Lyda,Verheijden,lverheijdenfh@sogou.com
559,416-60-4096,Alvan,Cobbin,acobbinfi@google.es
560,789-55-6314,Renee,Edgworth,redgworthfj@google.es
561,632-88-4302,Christi,Ridler,cridlerfk@lycos.com
562,797-35-7954,Pebrook,Sebring,psebringfl@blogtalkradio.com
563,786-41-0257,Octavius,Andrivel,oandrivelfm@yandex.ru
564,543-73-1360,Scarface,Billitteri,sbillitterifn@google.co.uk
565,530-65-7496,Rivalee,Lawfull,rlawfullfo@t-online.de
566,725-34-4179,August,Dominy,adominyfp@vk.com
567,198-57-3499,Elwyn,Glamart,eglamartfq@marriott.com
568,835-51-2290,Tailor,Shah,tshahfr@alexa.com
569,807-20-8268,Chloris,Harmer,charmerfs@mozilla.com
570,248-49-2435,Alfi,Vyel,avyelft@nba.com
571,186-81-6808,Tobe,Enrietto,tenriettofu@slate.com
572,654-97-7675,Othello,Berling,oberlingfv@ucoz.com
573,670-84-0358,Roberto,Caplen,rcaplenfw@examiner.com
574,438-37-1343,Carce,Dooney,cdooneyfx@linkedin.com
575,141-44-8515,Aurelia,Dunkerly,adunkerlyfy@tinyurl.com
576,404-41-1401,Rhetta,Sacco,rsaccofz@intel.com
577,128-34-2267,Farlay,MacCoveney,fmaccoveneyg0@geocities.jp
578,713-26-1060,Roi,Lankester,rlankesterg1@ebay.com
579,669-41-1166,Alfonse,Marklund,amarklundg2@youtu.be
580,608-26-5584,Claiborne,Deinhardt,cdeinhardtg3@umich.edu
581,446-66-7608,Cobbie,Iacapucci,ciacapuccig4@ebay.com
582,334-40-8153,Judd,McKeowon,jmckeowong5@typepad.com
583,298-59-6170,Tadeo,Jakobsson,tjakobssong6@usatoday.com
584,450-61-3958,Cello,Tallis,ctallisg7@fastcompany.com
585,447-88-7799,Saxon,Shapiro,sshapirog8@apache.org
586,282-32-0262,Lonnie,Gregor,lgregorg9@seesaa.net
587,840-53-6727,Rudie,Doulton,rdoultonga@comcast.net
588,223-44-0711,Sibley,Cords,scordsgb@etsy.com
589,268-87-3110,Conni,Towne,ctownegc@dropbox.com
590,356-70-6813,Adolph,Pren,aprengd@goo.ne.jp
591,221-42-6296,Mikael,Redwin,mredwinge@pen.io
592,739-52-4076,Wynnie,Reville,wrevillegf@redcross.org
593,562-14-4007,Rosana,Greasley,rgreasleygg@elegantthemes.com
594,496-79-6644,Richy,Shay,rshaygh@blogs.com
595,882-28-2839,Moria,Gibbe,mgibbegi@mail.ru
596,462-69-2676,Arielle,Shovelton,ashoveltongj@addtoany.com
597,462-46-5707,Tanya,Loffill,tloffillgk@mac.com
598,370-45-5478,Sena,Grafham,sgrafhamgl@addtoany.com
599,882-02-1320,Thor,Klaffs,tklaffsgm@blinklist.com
600,817-95-8482,Christabel,Whitty,cwhittygn@wsj.com
601,225-57-1684,Lilia,Magor,lmagorgo@geocities.com
602,693-83-9947,Brnaby,Follett,bfollettgp@umich.edu
603,391-50-2588,Betsey,Vinker,bvinkergq@usnews.com
604,834-87-1737,Ethyl,Dunford,edunfordgr@opensource.org
605,830-57-4014,Delinda,Gartan,dgartangs@phpbb.com
606,780-96-8020,Wallis,Bickers,wbickersgt@cyberchimps.com
607,691-39-2863,Benoit,Edworthye,bedworthyegu@posterous.com
608,228-99-0152,Conni,Markwick,cmarkwickgv@nsw.gov.au
609,370-48-0212,Yvor,Dono,ydonogw@homestead.com
610,351-06-2014,Irv,Greste,igrestegx@apache.org
611,800-28-2691,Quinn,Rock,qrockgy@whitehouse.gov
612,169-85-4680,Tonnie,Lorent,tlorentgz@odnoklassniki.ru
613,708-90-5306,Scarlet,McCafferky,smccafferkyh0@wordpress.com
614,563-20-7100,Giffard,Blackett,gblacketth1@macromedia.com
615,152-78-2281,Adan,Blazey,ablazeyh2@facebook.com
616,250-03-9978,Tedda,Drewes,tdrewesh3@apple.com
617,342-64-4046,Adelice,Geraudy,ageraudyh4@youtube.com
618,148-14-4384,Lucius,Maudling,lmaudlingh5@vkontakte.ru
619,435-62-5844,Willamina,Gossop,wgossoph6@desdev.cn
620,537-99-1375,Aryn,Helstrip,ahelstriph7@photobucket.com
621,183-29-8325,Kathlin,Le Merchant,klemerchanth8@fastcompany.com
622,611-36-8639,Florry,Medling,fmedlingh9@vimeo.com
623,672-68-7275,Renell,Grute,rgruteha@php.net
624,111-84-8918,Natal,Van der Son,nvandersonhb@google.com.br
625,326-87-2983,Carolin,Trinkwon,ctrinkwonhc@prnewswire.com
626,703-12-7084,Madel,Strathe,mstrathehd@feedburner.com
627,631-35-2736,Lucius,McTurley,lmcturleyhe@dmoz.org
628,836-36-5128,Lowell,Mandrey,lmandreyhf@ebay.com
629,569-13-7252,Jarret,Southon,jsouthonhg@epa.gov
630,469-83-1368,Dulcy,Craigs,dcraigshh@paginegialle.it
631,258-03-3444,Danica,Dove,ddovehi@psu.edu
632,138-88-4209,Clementia,Mundow,cmundowhj@etsy.com
633,585-42-6565,Biron,Haigh,bhaighhk@blogspot.com
634,569-45-2202,Kim,Vereker,kverekerhl@multiply.com
635,374-81-3864,Bayard,Roarty,broartyhm@naver.com
636,488-26-3530,Carolan,Conre,cconrehn@hostgator.com
637,616-26-7379,Meryl,Bouchier,mbouchierho@cpanel.net
638,675-57-7027,Marijo,Pristnor,mpristnorhp@wiley.com
639,438-28-3308,Daniela,Bradneck,dbradneckhq@soundcloud.com
640,433-84-5642,Elfie,Preble,epreblehr@nyu.edu
641,235-06-8224,Benita,Saiz,bsaizhs@edublogs.org
642,459-85-4380,Blaire,Portt,bporttht@surveymonkey.com
643,896-31-4250,Francene,Whoolehan,fwhoolehanhu@ovh.net
644,154-91-0548,Viviana,Elward,velwardhv@w3.org
645,288-49-6188,Rubin,Hamblett,rhambletthw@ftc.gov
646,687-51-6070,Marion,Huonic,mhuonichx@wikispaces.com
647,551-86-9705,Nikolos,Minors,nminorshy@lycos.com
648,182-68-5776,Mel,Redgewell,mredgewellhz@sciencedaily.com
649,250-71-5285,Nicolais,Rumsby,nrumsbyi0@google.com.br
650,193-92-4782,Denny,Tesche,dteschei1@google.nl
651,546-17-3938,Hagan,Baugh,hbaughi2@hud.gov
652,476-67-9471,Rhodie,Cookley,rcookleyi3@slashdot.org
653,101-05-9076,Stefan,Wetherby,swetherbyi4@mozilla.org
654,770-11-9830,Thor,Dennidge,tdennidgei5@woothemes.com
655,751-24-0322,Ancell,Shatliffe,ashatliffei6@netscape.com
656,351-60-1920,Peta,Gothrup,pgothrupi7@is.gd
657,652-39-3470,Keelia,Filewood,kfilewoodi8@parallels.com
658,243-36-2055,Daveen,Hubbins,dhubbinsi9@slashdot.org
659,374-12-8002,Paco,Langfitt,plangfittia@icq.com
660,530-60-2845,Norbert,Filshin,nfilshinib@yahoo.com
661,264-05-7482,Siusan,Bowker,sbowkeric@eventbrite.com
662,437-47-7506,Aubrie,Newlove,anewloveid@homestead.com
663,805-69-9242,Ewart,Hayler,ehaylerie@hatena.ne.jp
664,858-16-1896,Hy,Rimington,hrimingtonif@nyu.edu
665,227-74-8289,Edmund,Weber,eweberig@newyorker.com
666,413-60-2636,Nanon,Goreisr,ngoreisrih@indiegogo.com
667,561-74-3084,Gherardo,Thorpe,gthorpeii@state.tx.us
668,362-74-0080,Ernesto,Chappelle,echappelleij@yellowpages.com
669,876-52-2104,Hyatt,Ondrak,hondrakik@nationalgeographic.com
670,343-23-1125,Darlleen,Bygraves,dbygravesil@cdc.gov
671,758-71-7980,Willie,Essam,wessamim@go.com
672,248-62-2480,Bartolemo,Chadwick,bchadwickin@ca.gov
673,597-60-7229,Leanora,Dickman,ldickmanio@vinaora.com
674,510-74-4465,Adelina,Roman,aromanip@goodreads.com
675,820-64-1808,Cecilius,Coch,ccochiq@seattletimes.com
676,151-87-0011,Millisent,Freiberg,mfreibergir@is.gd
677,770-17-5241,Sianna,Benduhn,sbenduhnis@photobucket.com
678,885-65-4206,Neale,Drillingcourt,ndrillingcourtit@cocolog-nifty.com
679,510-54-6221,Reeta,Arnald,rarnaldiu@macromedia.com
680,263-36-5269,Loise,Sybe,lsybeiv@twitter.com
681,167-70-1773,Conrade,Celler,ccelleriw@prlog.org
682,888-95-8328,Moise,Trippitt,mtrippittix@sina.com.cn
683,834-52-7021,Lurleen,Follett,lfollettiy@comsenz.com
684,138-38-6768,Cori,Snowman,csnowmaniz@usatoday.com
685,169-73-5659,Janine,Dougary,jdougaryj0@ftc.gov
686,797-36-2141,Cherianne,Grindley,cgrindleyj1@xinhuanet.com
687,396-68-7079,Alta,Oldaker,aoldakerj2@shareasale.com
688,339-78-6583,Ray,Pheasant,rpheasantj3@youtube.com
689,528-77-6949,Ariela,Eads,aeadsj4@comsenz.com
690,801-09-3231,Corabel,Cottage,ccottagej5@typepad.com
691,615-16-8237,Fionna,Bolesma,fbolesmaj6@apple.com
692,763-74-3303,Marja,Stabbins,mstabbinsj7@apache.org
693,443-60-1434,Bethany,Trazzi,btrazzij8@ca.gov
694,339-58-8894,Quinton,Colaco,qcolacoj9@umn.edu
695,289-33-3766,Cherice,Zouch,czouchja@google.de
696,448-01-0509,Carce,Walton,cwaltonjb@weibo.com
697,193-92-1104,Meghann,McGrouther,mmcgroutherjc@google.nl
698,398-41-7825,Alla,Tissiman,atissimanjd@spotify.com
699,359-98-9186,Robby,Corradini,rcorradinije@usda.gov
700,897-89-9943,Oates,Canadas,ocanadasjf@google.ca
701,369-84-5497,Pammi,Rapinett,prapinettjg@privacy.gov.au
702,309-33-9024,Kaine,Parks,kparksjh@hud.gov
703,410-40-2258,Aaron,Sinclair,asinclairji@geocities.com
704,259-61-2521,Willis,Gumley,wgumleyjj@macromedia.com
705,490-62-8553,Herbert,Perch,hperchjk@seesaa.net
706,201-30-6238,Austin,Wrates,awratesjl@utexas.edu
707,577-78-6865,Natalina,Larkcum,nlarkcumjm@geocities.jp
708,288-97-0910,Eberhard,Pinnick,epinnickjn@cam.ac.uk
709,895-70-8057,Georgina,Seiler,gseilerjo@cpanel.net
710,346-07-3017,Carlynne,Skeel,cskeeljp@is.gd
711,280-01-7607,Shelby,Mateuszczyk,smateuszczykjq@shinystat.com
712,214-79-6056,Tabbi,Pickard,tpickardjr@wiley.com
713,585-53-8390,Annamarie,Mendes,amendesjs@storify.com
714,296-12-6035,Jaquenetta,Dearth,jdearthjt@webs.com
715,286-06-1801,Laina,Griss,lgrissju@taobao.com
716,284-95-5521,Fanchon,Gorger,fgorgerjv@virginia.edu
717,560-05-2912,Koren,Clemendot,kclemendotjw@whitehouse.gov
718,256-59-6172,Avie,Stammler,astammlerjx@ca.gov
719,210-18-9527,Micki,Derrett,mderrettjy@noaa.gov
720,769-21-8256,Calv,Cheston,cchestonjz@vkontakte.ru
721,654-08-3462,Delilah,Vannozzii,dvannozziik0@rediff.com
722,712-55-8190,Quill,Keynd,qkeyndk1@accuweather.com
723,415-97-3025,Dacia,de Aguirre,ddeaguirrek2@disqus.com
724,194-86-2567,Hesther,Warlaw,hwarlawk3@theglobeandmail.com
725,224-62-0531,Mallory,Wiersma,mwiersmak4@youku.com
726,895-97-6236,Marrissa,Bartoletti,mbartolettik5@hao123.com
727,804-43-4210,Kaylyn,Surgood,ksurgoodk6@hibu.com
728,764-84-5732,Baily,Gossipin,bgossipink7@wisc.edu
729,248-44-9777,Claiborne,Thurlow,cthurlowk8@altervista.org
730,640-65-6808,Creighton,Clutram,cclutramk9@g.co
731,514-64-1750,Shermy,Butfield,sbutfieldka@wsj.com
732,668-52-8202,Brook,Grabeham,bgrabehamkb@wix.com
733,214-61-0899,Odo,Oylett,ooylettkc@mozilla.org
734,895-63-7087,Burlie,Pettegree,bpettegreekd@reddit.com
735,824-81-1733,Saul,Denes,sdeneske@goo.gl
736,503-07-7492,Merwin,Drinkale,mdrinkalekf@nationalgeographic.com
737,817-27-0123,Kara-lynn,Abbotts,kabbottskg@about.com
738,566-57-8384,Demetre,Pochon,dpochonkh@chronoengine.com
739,455-57-8876,Jasper,Christofides,jchristofideski@furl.net
740,189-38-8979,Shandee,Sheahan,ssheahankj@biblegateway.com
741,511-46-8607,Annecorinne,Gosby,agosbykk@cpanel.net
742,733-70-6513,Clotilda,Mowbray,cmowbraykl@last.fm
743,205-21-4145,Gilly,Fossitt,gfossittkm@illinois.edu
744,855-39-2154,Corilla,Pennycord,cpennycordkn@furl.net
745,126-95-1029,Merrel,Keitley,mkeitleyko@reuters.com
746,640-69-1948,Tilly,Eskell,teskellkp@ox.ac.uk
747,737-43-2249,Waylin,McCormick,wmccormickkq@behance.net
748,135-97-3980,Tera,Jinks,tjinkskr@bbb.org
749,730-22-1039,Penny,Cancellario,pcancellarioks@fotki.com
750,807-11-7741,Marge,Marzellano,mmarzellanokt@cargocollective.com
751,830-89-0676,Torey,Brager,tbragerku@dropbox.com
752,633-58-9368,Conrado,Foch,cfochkv@cnbc.com
753,346-87-5780,Anatol,Ianiello,aianiellokw@edublogs.org
754,729-76-0997,Dorey,Simonetto,dsimonettokx@microsoft.com
755,351-42-4737,Christie,Lemme,clemmeky@statcounter.com
756,287-07-3551,Felicio,Elger,felgerkz@51.la
757,734-17-3192,Titus,Pointing,tpointingl0@japanpost.jp
758,475-84-1654,Sayers,Durant,sdurantl1@sciencedaily.com
759,468-95-9918,Crysta,Holton,choltonl2@blogtalkradio.com
760,695-74-1359,Silas,Grew,sgrewl3@unicef.org
761,436-04-1999,Katherine,McGregor,kmcgregorl4@npr.org
762,217-15-1324,Jonell,Brookes,jbrookesl5@indiatimes.com
763,525-97-5419,Carolina,Stronach,cstronachl6@shareasale.com
764,221-04-5810,Brianna,Lewry,blewryl7@google.co.uk
765,781-01-3607,Morie,Perutto,mperuttol8@senate.gov
766,332-46-1789,Bentlee,Ruddlesden,bruddlesdenl9@exblog.jp
767,739-31-4400,Koralle,Rolf,krolfla@networksolutions.com
768,704-57-4754,Remington,Heathwood,rheathwoodlb@cloudflare.com
769,700-36-5304,Darrin,Vanyashkin,dvanyashkinlc@technorati.com
770,511-30-6813,Maggie,Dantesia,mdantesiald@si.edu
771,246-78-1847,Pietrek,Pettet,ppettetle@blogs.com
772,202-93-6805,Cristie,Redborn,credbornlf@joomla.org
773,444-09-5248,Livvy,Vasyuchov,lvasyuchovlg@columbia.edu
774,419-42-2266,Elwyn,Corpes,ecorpeslh@nature.com
775,354-24-2050,Peter,Edie,pedieli@theguardian.com
776,741-42-5379,Connie,Abrahamian,cabrahamianlj@netlog.com
777,114-05-8242,Bernadina,Dusey,bduseylk@utexas.edu
778,783-98-1167,Dorry,Drummond,ddrummondll@youtu.be
779,502-59-0611,Dee,Hunnam,dhunnamlm@wp.com
780,132-88-5639,Bessy,Waldera,bwalderaln@state.tx.us
781,428-64-8763,Ddene,Shrimptone,dshrimptonelo@unc.edu
782,614-23-4763,Pauletta,Bredes,pbredeslp@homestead.com
783,669-06-2467,Bill,Carlow,bcarlowlq@mac.com
784,769-14-5923,Susie,McIleen,smcileenlr@prlog.org
785,388-99-5623,Fern,Armes,farmesls@berkeley.edu
786,562-23-0364,Tymon,Lindenberg,tlindenberglt@smugmug.com
787,709-28-3504,Hartley,Halse,hhalselu@github.com
788,348-25-6856,Isa,Pitcock,ipitcocklv@dion.ne.jp
789,407-21-1366,Cal,Vause,cvauselw@google.fr
790,811-49-3864,Jermaine,Khosa,jkhosalx@boston.com
791,486-68-8531,Lindy,Drakes,ldrakesly@marriott.com
792,204-48-8289,Doreen,McLean,dmcleanlz@scribd.com
793,732-37-6598,Bram,Faussett,bfaussettm0@japanpost.jp
794,793-29-2922,Cornie,Grundon,cgrundonm1@arstechnica.com
795,422-95-6034,Kaylee,Anthonsen,kanthonsenm2@marketwatch.com
796,292-32-4984,Germain,O'Riordan,goriordanm3@cmu.edu
797,590-32-1020,Keefer,Harrop,kharropm4@cdbaby.com
798,569-43-4878,Merissa,Brugsma,mbrugsmam5@howstuffworks.com
799,288-98-4405,Wilmer,Christer,wchristerm6@yahoo.com
800,183-87-2125,Hardy,Robjohns,hrobjohnsm7@telegraph.co.uk
801,831-39-9155,Stefa,Flatman,sflatmanm8@yellowbook.com
802,536-93-9012,Dare,Playfoot,dplayfootm9@youku.com
803,659-41-6115,Edi,Chomley,echomleyma@newsvine.com
804,343-70-7093,Anson,Martine,amartinemb@omniture.com
805,509-09-2020,Monte,Joss,mjossmc@virginia.edu
806,896-63-4412,Lorne,Charrette,lcharrettemd@cafepress.com
807,527-49-7987,Gaylene,Goroni,ggoronime@adobe.com
808,525-78-4072,Katherina,Bodycomb,kbodycombmf@t-online.de
809,573-02-3251,Arty,Chinnery,achinnerymg@prweb.com
810,472-53-7317,Mariette,Perkinson,mperkinsonmh@delicious.com
811,487-67-3096,Adan,Bockh,abockhmi@cdc.gov
812,773-57-5403,Jory,Meneux,jmeneuxmj@usatoday.com
813,787-63-9731,Audy,Waddy,awaddymk@simplemachines.org
814,391-01-3413,Alejandro,Matuszewski,amatuszewskiml@jalbum.net
815,793-96-3673,Amelia,Climar,aclimarmm@usa.gov
816,520-29-9050,Moll,Lars,mlarsmn@smugmug.com
817,343-27-8046,Efrem,Pollitt,epollittmo@admin.ch
818,782-80-8313,Brant,Aslen,baslenmp@wsj.com
819,545-18-9510,Kincaid,Bradden,kbraddenmq@amazon.co.jp
820,835-68-9329,Franni,Petrol,fpetrolmr@nba.com
821,680-95-4974,Bernette,Nannetti,bnannettims@addthis.com
822,164-16-4183,Burk,Beale,bbealemt@sogou.com
823,669-47-0449,Meggi,Domerq,mdomerqmu@xinhuanet.com
824,401-01-6997,Quentin,Lacer,qlacermv@salon.com
825,837-81-2576,Skipp,Eddleston,seddlestonmw@livejournal.com
826,530-62-9374,Algernon,Gudeman,agudemanmx@ted.com
827,274-73-4476,Oralie,Partener,opartenermy@mapy.cz
828,114-32-2858,Ulrika,Celez,ucelezmz@csmonitor.com
829,444-29-2202,Rosella,Letteresse,rletteressen0@people.com.cn
830,241-94-6538,Brear,Hatwell,bhatwelln1@sogou.com
831,520-22-9989,Gino,Britten,gbrittenn2@hugedomains.com
832,393-12-6508,Ragnar,Pennicard,rpennicardn3@mac.com
833,168-56-5051,Waldon,Lawly,wlawlyn4@youtu.be
834,570-69-9201,Darin,Humbert,dhumbertn5@mlb.com
835,599-71-5359,Querida,Makiver,qmakivern6@reuters.com
836,128-16-4569,Amery,Soutar,asoutarn7@w3.org
837,461-92-2819,Sonja,Witling,switlingn8@cafepress.com
838,481-97-3488,Prentiss,Foulger,pfoulgern9@nhs.uk
839,235-43-4147,Noach,Udden,nuddenna@flavors.me
840,213-14-0288,Belia,Muggach,bmuggachnb@miitbeian.gov.cn
841,670-06-1301,Wyatt,Grossman,wgrossmannc@bravesites.com
842,321-07-6264,Madeleine,Ragbourne,mragbournend@cisco.com
843,509-37-2673,Arielle,Durant,adurantne@themeforest.net
844,357-21-2699,Tori,Selcraig,tselcraignf@github.io
845,142-76-6836,Patin,Sabben,psabbenng@so-net.ne.jp
846,130-95-4566,Birch,Oleszcuk,boleszcuknh@youtu.be
847,459-62-4849,Gaelan,Burgwyn,gburgwynni@yandex.ru
848,448-29-4976,Jory,Witter,jwitternj@pen.io
849,740-53-2122,Alison,Carnihan,acarnihannk@infoseek.co.jp
850,295-16-2022,Lief,Lissemore,llissemorenl@cbc.ca
851,359-82-5251,Syd,Frisdick,sfrisdicknm@cornell.edu
852,188-17-6394,Son,Huggan,shuggannn@indiatimes.com
853,213-78-1081,Oralle,Chessum,ochessumno@wikipedia.org
854,118-37-2976,Horatio,Lyman,hlymannp@google.com.au
855,114-89-2936,Ofelia,Style,ostylenq@bravesites.com
856,403-14-0522,Paolina,Casford,pcasfordnr@google.fr
857,174-12-4838,Izaak,Abramzon,iabramzonns@vkontakte.ru
858,789-63-5401,Kip,Mulhall,kmulhallnt@delicious.com
859,669-48-9477,Alyssa,Lyness,alynessnu@unesco.org
860,727-74-1319,Kerby,MacTurlough,kmacturloughnv@noaa.gov
861,780-07-6477,Eula,Bonnin,ebonninnw@mysql.com
862,405-29-5149,Chrystal,Brilleman,cbrillemannx@goo.ne.jp
863,373-16-1613,Martguerita,MacNally,mmacnallyny@craigslist.org
864,146-12-6886,Rhody,Eastmond,reastmondnz@so-net.ne.jp
865,245-48-3126,Salvador,Lethbrig,slethbrigo0@prlog.org
866,503-52-9350,Antonie,Thurstance,athurstanceo1@goo.ne.jp
867,689-83-2526,Lynnell,Rhelton,lrheltono2@japanpost.jp
868,438-62-4283,Hugibert,Woodburne,hwoodburneo3@dion.ne.jp
869,355-72-9739,Angelica,Hastwall,ahastwallo4@163.com
870,661-12-1347,Milt,Kneaphsey,mkneaphseyo5@home.pl
871,830-58-6117,Antons,Cade,acadeo6@wired.com
872,607-72-8961,Aggy,Reyburn,areyburno7@skyrock.com
873,565-53-9296,Lanette,Jane,ljaneo8@adobe.com
874,547-68-8931,Dare,Jeeves,djeeveso9@aboutads.info
875,409-33-6178,Harwell,Beazley,hbeazleyoa@huffingtonpost.com
876,626-62-1648,Parke,Pilbeam,ppilbeamob@nytimes.com
877,584-35-5966,Moyna,Eastbury,meastburyoc@github.com
878,679-61-4966,Budd,Breinlein,bbreinleinod@facebook.com
879,774-05-0749,Robenia,Labba,rlabbaoe@wordpress.org
880,146-42-7596,Alejoa,Clinnick,aclinnickof@shutterfly.com
881,177-67-8006,Elie,Stearnes,estearnesog@bbb.org
882,126-67-2979,Adolph,Hayworth,ahayworthoh@hugedomains.com
883,865-91-2102,Don,Geard,dgeardoi@oakley.com
884,174-11-6367,Rosabelle,Danby,rdanbyoj@unblog.fr
885,782-87-7345,Mellicent,Rastall,mrastallok@ed.gov
886,751-95-1910,Gladi,Bordessa,gbordessaol@ameblo.jp
887,264-82-8771,Timothee,Matveichev,tmatveichevom@ask.com
888,672-84-7802,Sanson,Laidel,slaidelon@walmart.com
889,635-41-9420,Jaimie,Fancett,jfancettoo@amazon.co.uk
890,417-35-8739,Palmer,Sexti,psextiop@unesco.org
891,174-53-7594,Millisent,McKeveney,mmckeveneyoq@spiegel.de
892,451-51-8111,Arlyne,Fishbourne,afishbourneor@ifeng.com
893,343-10-7302,Moise,Barrand,mbarrandos@google.it
894,244-13-5342,Fran,Jellis,fjellisot@hibu.com
895,457-53-8374,Jeno,Bryenton,jbryentonou@stumbleupon.com
896,335-28-7787,Penelope,Verillo,pverilloov@house.gov
897,194-44-5258,Beatrisa,Mahon,bmahonow@prlog.org
898,592-56-0574,Zaneta,Coldtart,zcoldtartox@gmpg.org
899,178-52-6387,Zsazsa,Castiglioni,zcastiglionioy@smugmug.com
900,271-06-3279,Kaleena,Lacheze,klachezeoz@de.vu
901,837-49-7286,Karola,Borer,kborerp0@elpais.com
902,862-34-5424,Hermon,Tutin,htutinp1@bloglines.com
903,581-10-6229,Davine,Querree,dquerreep2@berkeley.edu
904,152-21-0214,Ev,Trowl,etrowlp3@prnewswire.com
905,564-58-0780,Thebault,Egleton,tegletonp4@blogtalkradio.com
906,458-03-9666,Giulietta,Buckbee,gbuckbeep5@java.com
907,371-49-4908,Coreen,Joy,cjoyp6@cnet.com
908,237-25-3389,Buiron,Haugg,bhauggp7@samsung.com
909,613-03-8365,Gaspar,Alvarado,galvaradop8@hexun.com
910,105-96-3812,Tammara,Rubertelli,trubertellip9@wp.com
911,222-67-2098,Darn,Martusov,dmartusovpa@aboutads.info
912,700-40-4982,Britt,Counihan,bcounihanpb@statcounter.com
913,658-05-3075,Bill,Buttrey,bbuttreypc@answers.com
914,450-84-1180,Jessee,Egdale,jegdalepd@usgs.gov
915,415-02-0348,Alaric,Belli,abellipe@studiopress.com
916,467-68-7184,Amelita,Heart,aheartpf@vistaprint.com
917,424-21-5616,Clemmy,Whitnell,cwhitnellpg@trellian.com
918,845-86-2964,Suzanne,Castaneda,scastanedaph@hao123.com
919,310-73-3901,Evey,MacMeanma,emacmeanmapi@pbs.org
920,605-48-4393,Devondra,Moxon,dmoxonpj@github.io
921,176-54-1949,Dana,Patillo,dpatillopk@dyndns.org
922,861-15-6911,Elvina,MacNeil,emacneilpl@com.com
923,264-01-9140,Malissia,Goadby,mgoadbypm@miibeian.gov.cn
924,242-55-5766,Cyndy,Ivimy,civimypn@rediff.com
925,500-28-1422,Orion,Mazdon,omazdonpo@apple.com
926,282-84-0690,Dedie,Cambridge,dcambridgepp@ask.com
927,167-56-3297,Manfred,Dykins,mdykinspq@house.gov
928,247-39-6355,Lilyan,Renols,lrenolspr@photobucket.com
929,732-26-7425,Ibrahim,Markie,imarkieps@hostgator.com
930,760-84-1132,Laney,Watson,lwatsonpt@omniture.com
931,205-97-0938,Amargo,McIlhatton,amcilhattonpu@addtoany.com
932,118-82-3927,Carlie,Bartles,cbartlespv@google.it
933,435-99-8489,Morry,Tomasino,mtomasinopw@tumblr.com
934,677-52-8018,Oriana,Allbrook,oallbrookpx@dagondesign.com
935,193-78-1472,Marga,Walby,mwalbypy@china.com.cn
936,248-75-2093,Carmelle,Munehay,cmunehaypz@boston.com
937,252-58-6006,Freda,Lamswood,flamswoodq0@reverbnation.com
938,175-78-4136,Hyacinth,Monget,hmongetq1@google.com.hk
939,674-49-7261,Lem,Yekel,lyekelq2@seesaa.net
940,810-42-1095,Karie,Withull,kwithullq3@infoseek.co.jp
941,342-42-1511,Arvy,Leipelt,aleipeltq4@linkedin.com
942,892-23-2474,Randa,Toman,rtomanq5@auda.org.au
943,149-02-1869,Merilee,Ladson,mladsonq6@who.int
944,129-08-8828,Rafaello,Lyvon,rlyvonq7@newyorker.com
945,157-51-2336,Winona,Radloff,wradloffq8@indiegogo.com
946,805-50-2998,Jarret,Yu,jyuq9@cloudflare.com
947,591-24-0454,Hoyt,Durden,hdurdenqa@github.io
948,200-67-0471,Adi,Begwell,abegwellqb@europa.eu
949,125-79-2037,Brennan,Callen,bcallenqc@goo.gl
950,849-15-2830,Luci,Finlaison,lfinlaisonqd@google.nl
951,575-25-5557,Sallie,Solomonides,ssolomonidesqe@twitter.com
952,799-72-2780,Devlen,Warsop,dwarsopqf@washington.edu
953,102-63-7799,Romona,Ranns,rrannsqg@hc360.com
954,395-21-2003,Margo,Romanini,mromaniniqh@over-blog.com
955,292-30-2961,Cesar,Oller,collerqi@discovery.com
956,415-26-6893,Keriann,Blampy,kblampyqj@columbia.edu
957,564-58-8774,Myrta,Le Moucheux,mlemoucheuxqk@google.pl
958,474-07-3895,Murielle,Rittelmeyer,mrittelmeyerql@archive.org
959,550-69-8403,Madlin,Snape,msnapeqm@artisteer.com
960,432-98-0796,Danila,Rosenbaum,drosenbaumqn@chronoengine.com
961,680-75-2112,Ashien,Kline,aklineqo@nationalgeographic.com
962,787-29-3331,Norby,Seldon,nseldonqp@bigcartel.com
963,690-03-4424,Sandra,Jacombs,sjacombsqq@hhs.gov
964,709-43-2298,Dominga,Craft,dcraftqr@go.com
965,297-26-5273,Cass,Heatley,cheatleyqs@indiatimes.com
966,189-76-1955,Iosep,Sedgman,isedgmanqt@omniture.com
967,765-81-8353,Saba,Feveryear,sfeveryearqu@fastcompany.com
968,258-14-5660,Beatrisa,McAvin,bmcavinqv@hao123.com
969,253-74-1480,Renelle,Tout,rtoutqw@constantcontact.com
970,585-03-4763,Saul,Apps,sappsqx@xrea.com
971,183-48-9148,Brinna,Milstead,bmilsteadqy@imgur.com
972,805-85-8071,Reilly,Vankov,rvankovqz@gravatar.com
973,519-51-9480,Therine,Camell,tcamellr0@ucoz.ru
974,635-58-3094,Yetty,Philson,yphilsonr1@phpbb.com
975,110-60-6088,Montgomery,Waistell,mwaistellr2@cyberchimps.com
976,494-44-5970,Pammi,Lannen,plannenr3@youtu.be
977,553-56-7188,Federica,Toffano,ftoffanor4@imageshack.us
978,448-01-3227,Kele,Garrison,kgarrisonr5@ucla.edu
979,127-25-0990,Berkie,Cogley,bcogleyr6@amazon.com
980,404-33-5078,Faber,Volonte,fvolonter7@meetup.com
981,445-32-8618,Jory,Rapsey,jrapseyr8@lulu.com
982,636-61-4875,Izak,Braunton,ibrauntonr9@w3.org
983,489-83-4137,Garrett,Janczyk,gjanczykra@aboutads.info
984,166-74-3525,Humbert,Degnen,hdegnenrb@alexa.com
985,472-37-0937,Phineas,Gallimore,pgallimorerc@buzzfeed.com
986,296-91-1408,Hannah,Eykel,heykelrd@miibeian.gov.cn
987,845-01-8187,Gustav,Stading,gstadingre@nationalgeographic.com
988,419-86-3622,Costanza,Guilford,cguilfordrf@flickr.com
989,678-81-7982,Teodoor,Davidowich,tdavidowichrg@cnn.com
990,779-39-8374,Georgie,Dugall,gdugallrh@usatoday.com
991,719-31-0939,Ardath,Otson,aotsonri@marriott.com
992,149-28-2119,Darcy,Volkers,dvolkersrj@unicef.org
993,756-47-7539,Sax,Glaysher,sglaysherrk@netlog.com
994,412-45-0850,Jules,Sharple,jsharplerl@princeton.edu
995,404-63-6828,Herman,Breeds,hbreedsrm@addthis.com
996,555-55-7067,Tedmund,Ygoe,tygoern@nydailynews.com
997,795-59-0635,Fidelio,Lorking,florkingro@eepurl.com
998,606-12-7208,Marianne,Brann,mbrannrp@google.es
999,800-38-3177,Wolfie,Trengove,wtrengoverq@tuttocitta.it
1000,334-12-7203,Tabitha,Vuittet,tvuittetrr@studiopress.com
